{
    "r2": 0.9335747907268253,
    "mse": 21.417888527099876,
    "rmse": 4.627946469774675,
    "mae": 1.503699623156625
}