{
    "fare": {
        "r2": 0.9335749116371858,
        "mse": 21.417849541229124,
        "rmse": 4.62794225776739,
        "mae": 1.5037716839052897
    },
    "congestion": {
        "accuracy": 0.7029221681723419,
        "f1": 0.6825928937100684,
        "roc_auc": 0.7808794699175292,
        "pr_auc": 0.6837276911738029
    },
    "airport": {
        "accuracy": 0.9442303683113273,
        "f1": 0.5345455072715937,
        "roc_auc": 0.9686151815693043,
        "pr_auc": 0.6164998342078262
    },
    "tip": {
        "accuracy": 0.7938306641263363,
        "precision": 0.8336076625028177,
        "recall": 0.9395829338446788,
        "f1": 0.8834284761301635,
        "roc_auc": 0.5593345661572484
    }
}