{
    "r2": 0.9335748267781365,
    "mse": 21.41787690285399,
    "rmse": 4.62794521389936,
    "mae": 1.5037343450209117
}